miRNA genes,Control1,Control2,Control3,High1,High2,High3
mmu-miR-125b-5p,2006590,991141,1182978,1644516,1270743,1534272
mmu-miR-27b-3p,60502,36384,44320,49983,51626,78894
mmu-let-7a-5p,74761,52821,47287,79172,81796,92445
mmu-miR-127-3p,512799,337822,311230,401267,379179,690708
mmu-miR-29a-3p,173952,109322,113901,155332,150190,222716
mmu-miR-193b-3p,910,700,967,524,693,1056
mmu-miR-128-3p,429207,387926,275491,362152,489304,489335
mmu-miR-26a-5p,332867,199170,278768,314063,350854,496674
mmu-miR-139-5p,43288,49604,27169,29452,39653,49696
mmu-miR-148b-3p,4807,4732,4189,3921,5298,7634
mmu-miR-9-5p,160419,145651,154262,144491,250233,229429
mmu-miR-124-3p,272118,183136,214429,225875,262296,247420
mmu-miR-411-3p,5151,3666,3737,4374,5728,8089
mmu-miR-434-3p,263556,236357,195216,201951,228131,339638
mmu-miR-383-5p,11252,6743,8073,8403,9862,11539
mmu-miR-487b-3p,3888,4248,2695,3233,4757,7130
mmu-miR-221-5p,1797,1063,1503,1628,1686,2474
mmu-miR-191-5p,165293,99545,113727,137096,126392,192158
mmu-miR-99b-5p,180726,91738,116797,124793,107772,164895
mmu-let-7d-5p,42295,34896,25740,37549,43526,49260
mmu-miR-219a-2-3p,13755,8958,8746,9956,14393,13749
mmu-miR-330-5p,7501,7628,5005,6005,8668,10351
mmu-miR-30c-5p,113251,64706,85506,95575,115770,125635
mmu-let-7g-5p,95296,68668,77135,98990,133915,151204
mmu-miR-125a-5p,396042,215185,183894,284614,219322,193452
mmu-miR-181a-5p,126978,52206,84121,102201,88747,101961
mmu-miR-129-2-3p,51135,45554,39226,45953,56836,56458
mmu-miR-3099-3p,1590,2094,1005,885,1477,2461
mmu-miR-409-5p,12351,7250,9761,9542,9320,17285
mmu-let-7f-5p,35429,26104,27275,39683,48966,60930
mmu-miR-132-3p,49299,43538,35560,38849,70089,41812
mmu-miR-100-5p,65022,31194,46119,58146,57593,89888
mmu-miR-124b-3p,703,80,663,62,1457,90
mmu-miR-99a-5p,160955,75510,112316,140849,127610,217528
mmu-miR-107-3p,10406,6575,6514,8883,14010,14935
mmu-miR-149-5p,37223,24484,20991,27173,23075,32637
mmu-miR-221-3p,61411,67847,48176,51285,83050,86758
mmu-miR-375-3p,320,449,423,241,625,643
mmu-let-7d-3p,52103,36706,30565,35887,39786,41908
mmu-miR-339-5p,6928,7360,4757,4604,8227,8472
mmu-miR-22-3p,18847,13504,14916,15654,20899,30983
mmu-let-7e-5p,19756,14377,12542,11182,20503,25687
mmu-miR-433-3p,37435,41002,20341,25260,34632,39404
mmu-miR-541-5p,24446,17006,19538,19081,24479,30618
mmu-miR-320-3p,3649,3261,2168,2628,3829,3337
mmu-miR-652-3p,2133,1751,1152,1609,1909,2592
mmu-miR-1249-3p,8315,7251,4609,6968,4863,6842
mmu-miR-346-5p,20487,10346,11749,15888,12072,17981
mmu-let-7c-5p,104827,68584,66569,101398,106058,112904
mmu-let-7b-5p,48356,31705,29426,41297,44213,44997
mmu-miR-9b-3p,29505,33782,311,28562,46385,45944
mmu-miR-342-3p,22353,12406,14787,17414,14244,22143
mmu-miR-151-5p,44589,26543,26479,37405,33194,49074
mmu-miR-151-3p,10394,6334,5436,7861,6463,8767
mmu-miR-1298-3p,169,474,199,110,536,844
mmu-miR-376b-3p,1614,1731,1313,1352,2096,3870
mmu-miR-329-3p,5714,3880,3601,4290,4497,5609
mmu-let-7j,6445,4429,5099,6262,9349,8773
mmu-miR-598-3p,489,479,338,423,616,695
mmu-miR-328-3p,52006,59011,33698,37399,45842,52283
mmu-miR-484,17181,9499,9924,11818,10671,13611
mmu-miR-222-3p,36119,33195,25279,27635,33465,42775
mmu-miR-300-3p,8597,7653,6353,6793,10259,14868
mmu-miR-744-5p,15572,22000,14984,10819,18631,22221
mmu-miR-16-5p,6328,3990,6753,7266,8307,9605
mmu-miR-30d-5p,71672,40901,46444,58258,60943,81001
mmu-miR-129-5p,25851,25566,16773,21061,27043,29010
mmu-miR-23b-3p,9775,7468,8289,8372,10317,13575
mmu-miR-433-5p,780,903,593,639,1188,1625
mmu-let-7i-5p,29697,23900,24040,28015,41283,47776
mmu-miR-30a-5p,4643,3569,3700,4053,6708,8118
mmu-miR-25-3p,2596,2125,1959,2454,3590,3104
mmu-miR-1982-3p,169,98,78,97,112,132
mmu-miR-497a-5p,1406,685,921,1357,1515,1046
mmu-miR-143-3p,8971,9355,7199,9186,12160,21015
mmu-miR-30e-5p,1062,808,772,927,1200,1702
mmu-miR-23a-3p,12629,8765,10525,12416,13007,15688
mmu-miR-330-3p,17831,13358,11718,14630,14545,17034
mmu-miR-15b-5p,1319,897,1027,1160,986,1312
mmu-miR-133a-3p,100,84,85,71,102,126
mmu-miR-344d-3p,2608,2357,1437,2003,2315,3244
mmu-miR-361-5p,14339,7489,9557,11989,9497,16623
mmu-miR-370-3p,14711,12428,11325,10979,11740,19186
mmu-miR-181b-5p,15975,8439,10786,13271,15224,14331
mmu-miR-92b-3p,30621,24569,16281,20683,22525,28674
mmu-miR-1843a-5p,1644,1941,1289,1533,2090,3137
mmu-miR-212-5p,12078,6059,8866,8703,9799,11289
mmu-miR-409-3p,5722,6370,4351,3655,6683,9089
mmu-miR-3074-5p,26081,13654,14663,21560,19739,31953
mmu-miR-1843b-5p,849,464,602,490,873,844
mmu-miR-495-3p,2113,2157,1993,1852,2648,4550
mmu-miR-103-3p,46175,47847,39869,41859,72484,66033
mmu-miR-382-5p,3828,4285,2553,3735,6052,5671
mmu-miR-361-3p,8672,5188,5756,6450,7963,7935
mmu-miR-338-5p,4479,2474,2875,3785,3653,4732
mmu-miR-132-5p,3275,1978,2129,2803,3223,3029
mmu-miR-125b-1-3p,1119,961,665,900,896,1291
mmu-miR-126a-3p,9025,7107,8291,9476,14512,19860
mmu-miR-410-3p,9624,8583,7287,7960,8823,15569
mmu-miR-9-3p,4572,2627,3815,4229,5431,8076
mmu-miR-200b-3p,571,141,499,786,745,158
mmu-miR-485-5p,3195,2461,1767,2204,2523,3142
mmu-miR-369-5p,4503,3396,2860,3642,5182,6504
mmu-miR-139-3p,1360,523,569,944,817,936
mmu-miR-669a-3p,65,93,140,61,115,19
mmu-miR-150-5p,16699,9791,10384,10909,13563,11961
mmu-miR-7a-2-3p,760,1366,492,361,884,1949
mmu-miR-204-5p,10054,25853,13963,9434,40976,33809
mmu-miR-185-5p,3774,3418,3049,3538,4833,5520
mmu-miR-218-5p,5359,6179,4227,5165,7872,9967
mmu-miR-124-5p,1376,2054,989,1732,2216,2658
mmu-miR-145a-5p,7374,5204,7150,6497,7230,8749
mmu-miR-543-3p,6666,7892,4964,5316,8058,9934
mmu-miR-381-3p,4149,3021,3175,2831,4600,6333
mmu-miR-125a-3p,486,453,241,328,402,528
mmu-miR-24-3p,7227,5920,5933,6327,9128,8194
mmu-miR-1839-5p,1526,1681,1274,1346,2431,3124
mmu-miR-129-1-3p,17165,6792,13206,11477,15430,9327
mmu-miR-27a-3p,3043,2856,2284,2266,3395,4317
mmu-miR-664-3p,3490,2925,2441,2097,3290,3556
mmu-miR-421-3p,316,387,308,272,402,742
mmu-miR-1843a-3p,324,298,218,269,324,354
mmu-miR-378a-3p,1404,1306,917,1218,1763,2137
mmu-miR-7b-5p,4554,5792,4017,3082,5958,12245
mmu-miR-181d-5p,976,565,769,1013,1131,1338
mmu-miR-326-3p,4886,3788,3944,3504,3762,5756
mmu-miR-34a-5p,945,487,740,760,1016,663
mmu-miR-136-3p,832,556,590,497,696,1735
mmu-miR-674-3p,8242,6160,4741,5710,7498,7526
mmu-miR-340-5p,445,385,346,304,529,860
mmu-miR-3968,1243,960,373,857,921,1101
mmu-miR-7a-5p,1430,2618,1293,770,2228,6013
mmu-miR-1981-3p,350,246,143,226,214,295
mmu-miR-30c-2-3p,1139,950,993,949,1395,1417
mmu-miR-34c-3p,141,144,155,83,330,270
mmu-miR-1198-5p,2761,2472,1638,2146,2690,2710
mmu-miR-28a-5p,284,340,260,247,396,535
mmu-miR-377-5p,939,640,727,660,676,1088
mmu-miR-491-5p,263,194,191,184,231,269
mmu-miR-434-5p,6161,4402,5300,5778,6210,10508
mmu-miR-130b-5p,571,493,347,448,537,521
mmu-miR-501-3p,3328,1649,1943,2494,1925,3091
mmu-miR-668-3p,5862,5359,3420,3970,5129,6457
mmu-miR-146a-5p,2598,1438,1614,2097,2267,4038
mmu-miR-92a-3p,193,150,127,152,181,173
mmu-let-7e-3p,2218,1935,1443,1681,2111,2290
mmu-miR-873a-3p,1093,656,651,1074,768,1612
mmu-miR-329-5p,1106,1070,930,912,1371,1585
mmu-miR-667-3p,6316,4926,4036,3868,4419,5538
mmu-miR-337-5p,7726,6836,5639,5839,9207,10517
mmu-miR-335-3p,1750,1564,1716,1643,2432,3396
mmu-miR-29c-3p,505,576,578,531,937,1143
mmu-miR-3072-3p,1043,703,716,870,663,1003
mmu-let-7b-3p,3909,2873,2582,2575,2700,2936
mmu-miR-485-3p,998,629,647,639,355,888
mmu-miR-666-5p,1962,1861,893,1427,1402,3266
mmu-miR-379-3p,2497,2900,2353,2267,3938,3923
mmu-miR-708-5p,2329,1844,1736,2220,3239,3353
mmu-miR-30b-5p,8648,6057,8313,7592,10784,14120
mmu-miR-365-3p,3908,2525,3475,2883,3522,3612
mmu-miR-486a-5p,4977,1444,76,3540,1701,134
mmu-miR-135a-5p,653,881,620,500,1205,1562
mmu-miR-673-3p,300,210,210,197,239,302
mmu-miR-467d-3p,97,104,71,42,87,126
mmu-miR-331-3p,1901,1168,1111,1236,1246,2036
mmu-miR-129b-5p,1376,345,3948,1030,4522,1092
mmu-miR-340-3p,296,132,177,203,191,324
mmu-miR-138-5p,3233,2563,2761,2487,3101,5468
mmu-miR-384-5p,1684,1284,1403,1727,1926,3160
mmu-miR-298-5p,1187,3069,660,851,1225,3654
mmu-miR-673-5p,1217,1050,608,798,915,1135
mmu-miR-106b-3p,1434,1470,943,1082,1620,1654
mmu-miR-1983,1973,1354,1347,1393,1820,2682
mmu-miR-504-5p,1656,1256,766,929,1079,1500
mmu-miR-350-3p,194,262,203,168,336,415
mmu-miR-1955-5p,58,25,29,28,34,32
mmu-miR-146b-5p,1038,645,909,1028,1164,1937
mmu-miR-3078-5p,122,124,99,94,123,179
mmu-miR-3093-5p,496,335,243,329,308,462
mmu-miR-3059-5p,1050,810,577,773,736,1113
mmu-miR-324-5p,1308,1102,941,1205,1293,1638
mmu-miR-3102-3p,1910,1187,1295,1411,1325,2033
mmu-miR-323-3p,5131,6035,3336,3611,5203,7391
mmu-miR-29b-2-5p,1064,915,817,941,1517,1169
mmu-miR-148a-3p,1545,1071,1676,1287,1608,3013
mmu-miR-532-5p,2084,2085,1692,1996,3179,3239
mmu-miR-338-3p,1364,770,1050,1269,1359,1765
mmu-miR-411-5p,2880,2681,2297,2636,4674,5139
mmu-miR-154-5p,1105,1380,927,849,1786,1468
mmu-miR-21a-5p,877,749,933,779,1585,1729
mmu-miR-212-3p,2212,1533,1747,1539,2681,2296
mmu-miR-206-3p,14,14,11,12,14,27
mmu-miR-425-5p,1740,1016,1294,1461,1573,2493
mmu-miR-423-3p,4860,4636,3541,3657,5080,4508
mmu-miR-700-3p,1981,1657,1186,1298,1225,2818
mmu-miR-676-3p,2916,3440,1975,1785,2822,4813
mmu-miR-770-3p,2130,3691,1322,1487,2230,3738
mmu-miR-137-3p,614,960,668,532,1480,1943
mmu-miR-423-5p,2010,1761,1260,1586,1827,1513
mmu-miR-339-3p,648,508,418,540,533,781
mmu-miR-1981-5p,2621,2325,1681,2014,2956,2685
mmu-miR-199a-5p,246,179,219,303,302,505
mmu-miR-370-5p,151,133,76,120,140,218
mmu-miR-125b-2-3p,1390,874,1007,975,1457,1990
mmu-miR-6540-5p,1368,1659,724,813,1136,2196
mmu-miR-186-5p,2741,1821,2419,2186,2939,4155
mmu-miR-351-5p,2169,1580,1253,1225,1592,2169
mmu-miR-874-3p,1219,1042,1206,1184,1059,1477
mmu-miR-29c-5p,248,186,185,177,305,267
mmu-miR-34b-3p,1102,1283,886,358,2044,1670
mmu-miR-30e-3p,2045,1296,1474,1898,2441,2864
mmu-let-7c-2-3p,766,528,283,310,60,52
mmu-miR-574-3p,1224,984,743,940,997,1089
mmu-miR-194-5p,1154,835,850,900,1509,1694
mmu-miR-29b-3p,460,386,334,370,645,904
mmu-miR-369-3p,950,968,854,677,1346,1799
mmu-miR-12185-3p,5,12,3,8,12,7
mmu-miR-873a-5p,203,144,87,167,136,361
mmu-miR-342-5p,198,143,114,165,191,252
mmu-miR-7b-3p,418,358,319,445,448,575
mmu-miR-669f-5p,9,14,4,2,9,9
mmu-miR-345-5p,130,127,104,86,133,237
mmu-miR-128-2-5p,1174,549,502,843,754,728
mmu-miR-34c-5p,2184,2337,2906,986,7625,6571
mmu-miR-22-5p,626,565,541,528,918,1034
mmu-miR-877-3p,591,422,274,387,410,409
mmu-miR-145a-3p,116,73,73,88,116,237
mmu-miR-935,1381,1467,907,1062,1267,1335
mmu-miR-130a-3p,150,152,166,140,227,377
mmu-miR-181a-1-3p,1868,1046,1568,1516,2091,2283
mmu-miR-128-1-5p,1519,841,909,1274,1150,1322
mmu-miR-106b-5p,154,147,140,121,195,279
mmu-miR-582-5p,216,182,239,236,258,392
mmu-miR-134-5p,931,943,687,710,1198,1548
mmu-miR-532-3p,1091,853,554,757,897,959
mmu-miR-676-5p,313,275,247,224,361,567
mmu-miR-181c-5p,1701,619,1047,1404,1084,1797
mmu-miR-184-3p,379,194,237,165,280,321
mmu-miR-152-3p,684,718,568,763,1174,1572
mmu-miR-378a-5p,478,341,350,384,427,511
mmu-let-7i-3p,561,581,473,429,646,721
mmu-miR-26a-2-3p,282,198,196,266,291,319
mmu-miR-6940-3p,69,34,28,35,35,46
mmu-miR-99b-3p,221,214,160,116,239,309
mmu-miR-3085-3p,203,343,155,173,212,307
mmu-miR-30a-3p,2676,2112,2049,2300,3259,3523
mmu-miR-500-3p,408,298,247,308,332,518
mmu-miR-195a-5p,407,209,324,451,456,419
mmu-miR-93-5p,1426,1297,1166,1274,2610,1775
mmu-miR-455-3p,571,446,246,397,421,503
mmu-miR-7047-3p,272,207,115,179,149,176
mmu-miR-412-5p,889,758,599,755,787,1264
mmu-miR-129b-3p,211,87,749,633,64,279
mmu-miR-134-3p,98,87,102,94,128,124
mmu-miR-3070-2-3p,11,7,8,7,9,13
mmu-miR-331-5p,91,63,43,80,88,182
mmu-miR-362-5p,393,225,340,366,423,619
mmu-miR-296-5p,760,1130,359,457,545,1129
mmu-miR-671-3p,1012,693,501,754,651,747
mmu-miR-153-3p,82,43,80,51,80,105
mmu-miR-488-3p,940,901,743,832,1032,2076
mmu-miR-7a-1-3p,303,248,269,295,432,540
mmu-miR-26b-5p,572,399,556,845,1127,1333
mmu-miR-31-5p,1385,1539,941,952,1709,2165
mmu-miR-5129-3p,67,36,58,42,73,88
mmu-miR-140-3p,1396,976,1009,1071,1388,2061
mmu-miR-3068-5p,421,339,315,346,590,748
mmu-miR-325-5p,332,292,286,271,445,603
mmu-miR-872-5p,206,179,139,168,238,411
mmu-miR-203-3p,165,265,137,149,275,374
mmu-miR-323-5p,517,614,263,400,442,497
mmu-miR-872-3p,1100,991,926,731,1289,2154
mmu-miR-380-3p,359,487,389,263,552,1066
mmu-miR-379-5p,2248,2174,1907,2155,3423,4522
mmu-miR-187-5p,49,38,24,23,27,60
mmu-miR-299a-3p,69,46,33,29,56,69
mmu-miR-138-2-3p,201,190,140,167,182,276
mmu-miR-24-1-5p,79,41,103,46,130,95
mmu-miR-126a-5p,305,56,273,5,436,39
mmu-miR-322-3p,219,203,168,193,294,408
mmu-miR-7117-5p,10,0,3,5,0,1
mmu-miR-199a-3p,60,136,227,98,478,750
mmu-miR-324-3p,123,81,68,76,96,156
mmu-miR-24-2-5p,294,171,276,299,301,401
mmu-miR-299a-5p,821,580,484,537,788,637
mmu-miR-1934-5p,69,36,27,26,47,74
mmu-miR-7211-5p,4,4,0,0,0,2
mmu-miR-98-5p,472,336,275,369,561,745
mmu-miR-674-5p,1020,564,676,705,866,906
mmu-miR-376b-5p,509,328,467,530,407,858
mmu-miR-3475-3p,361,311,161,272,345,384
mmu-miR-30c-1-3p,241,206,187,213,316,276
mmu-miR-671-5p,75,82,33,34,51,102
mmu-miR-1927,2,2,2,0,2,1
mmu-miR-700-5p,376,364,287,255,404,518
mmu-miR-210-3p,228,224,175,219,359,239
mmu-miR-133b-3p,21,7,4,5,31,5
mmu-miR-760-3p,154,204,65,84,97,206
mmu-miR-1306-5p,125,108,68,82,81,83
mmu-miR-7019-3p,138,69,70,96,86,128
mmu-miR-1930-5p,18,15,18,19,22,32
mmu-miR-574-5p,247,209,113,165,186,210
mmu-miR-6958-3p,34,24,16,25,28,24
mmu-miR-6970-3p,4,7,2,1,4,5
mmu-miR-200a-3p,135,29,195,294,158,76
mmu-miR-877-5p,29,30,13,17,33,36
mmu-miR-3074-2-3p,10,24,8,12,29,45
mmu-miR-543-5p,90,84,78,89,83,125
mmu-miR-325-3p,629,359,402,443,462,801
mmu-miR-7001-3p,1,0,0,0,0,1
mmu-miR-204-3p,67,159,55,45,170,99
mmu-miR-191-3p,195,126,106,139,115,191
mmu-miR-503-3p,56,23,36,44,45,59
mmu-miR-448-5p,39,94,50,45,83,141
mmu-miR-192-5p,296,185,219,277,331,580
mmu-miR-1a-3p,254,138,197,200,330,308
mmu-miR-137-5p,185,227,118,93,211,268
mmu-miR-1191a,10,7,6,6,17,15
mmu-miR-374b-5p,359,297,372,322,478,897
mmu-miR-181a-2-3p,334,257,172,194,222,309
mmu-miR-341-3p,152,151,129,106,178,277
mmu-miR-708-3p,462,401,301,356,612,857
mmu-miR-101a-3p,218,318,192,155,526,388
mmu-miR-448-3p,20,108,47,18,334,285
mmu-miR-1839-3p,379,263,257,327,378,546
mmu-miR-138-1-3p,93,90,51,44,107,127
mmu-miR-1966-3p,7,7,1,0,7,8
mmu-miR-744-3p,134,117,132,66,165,200
mmu-miR-496a-3p,273,279,227,236,329,491
mmu-miR-592-5p,105,96,111,97,216,225
mmu-miR-1970c-5p,6,4,4,5,7,6
mmu-miR-344-3p,464,731,459,428,1021,958
mmu-miR-378c,208,73,172,65,435,67
mmu-miR-3103-3p,17,8,11,15,13,10
mmu-miR-211-5p,57,41,34,36,56,50
mmu-miR-431-3p,412,373,289,297,429,524
mmu-miR-15a-5p,109,131,163,126,259,233
mmu-miR-1224-5p,785,565,418,592,728,717
mmu-miR-3084-3p,49,37,10,18,24,32
mmu-miR-1298-5p,273,2110,1073,304,6482,4278
mmu-miR-770-5p,673,738,427,451,437,1049
mmu-miR-127-5p,147,192,72,131,226,166
mmu-miR-669c-5p,90,159,54,63,99,181
mmu-miR-425-3p,232,178,144,170,233,374
mmu-miR-466i-3p,49,64,43,22,42,57
mmu-miR-3102-3p.2-3p,98,62,33,52,76,82
mmu-miR-490-5p,182,93,82,154,134,222
mmu-miR-92b-5p,106,150,68,72,131,102
mmu-miR-1247-5p,114,109,66,9,68,104
mmu-miR-7044-3p,66,51,36,71,57,69
mmu-miR-148b-5p,38,26,39,41,54,65
mmu-miR-154-3p,92,105,100,98,185,257
mmu-miR-5617-5p,5,1,2,2,4,3
mmu-miR-181c-3p,455,321,523,450,540,788
mmu-miR-335-5p,466,313,423,273,520,651
mmu-miR-5621-3p,63,48,46,38,31,79
mmu-miR-135a-1-3p,61,40,40,64,45,50
mmu-miR-7055-3p,3,1,0,3,2,3
mmu-miR-672-3p,80,92,44,34,62,95
mmu-miR-27a-5p,42,37,39,38,53,47
mmu-miR-466d-3p,17,14,1,9,17,26
mmu-miR-146b-3p,94,37,56,71,52,82
mmu-miR-6997-3p,13,20,12,11,13,15
mmu-miR-1193-3p,146,90,118,143,158,290
mmu-miR-669a-5p,27,0,10,7,5,10
mmu-miR-6953-3p,34,31,25,19,35,27
mmu-miR-202-3p,1,0,0,0,1,0
mmu-miR-2137,47,37,22,26,41,53
mmu-miR-219b-5p,298,712,680,420,979,307
mmu-miR-7689-3p,399,363,316,330,308,506
mmu-miR-216b-5p,20,11,14,15,10,9
mmu-miR-101b-3p,109,135,91,68,121,211
mmu-miR-3097-5p,26,30,6,11,24,31
mmu-miR-17-5p,336,341,244,289,657,478
mmu-miR-667-5p,86,72,54,41,93,99
mmu-let-7a-1-3p,9,10,266,344,850,903
mmu-miR-665-3p,12,10,5,11,7,12
mmu-miR-6984-3p,8,0,4,2,6,10
mmu-miR-136-5p,63,57,59,52,60,131
mmu-miR-698-5p,4,1,0,1,1,1
mmu-miR-17-3p,61,36,42,45,67,53
mmu-miR-187-3p,246,424,241,249,358,504
mmu-miR-3104-3p,20,18,9,14,17,14
mmu-miR-378d,185,133,180,173,225,373
mmu-miR-501-5p,161,121,69,69,143,179
mmu-miR-122b-3p,12,4,0,23,28,33
mmu-miR-669h-5p,2,6,3,0,8,8
mmu-miR-490-3p,240,127,150,177,209,246
mmu-miR-193b-5p,57,30,30,28,44,29
mmu-miR-199b-3p,251,238,37,381,74,64
mmu-miR-3552,65,242,44,33,118,224
mmu-miR-3547-3p,23,140,8,8,19,115
mmu-miR-551b-3p,9,7,6,11,12,16
mmu-miR-544-5p,9,11,6,12,11,20
mmu-miR-155-5p,26,18,27,22,40,40
mmu-miR-702-3p,76,72,38,49,45,74
mmu-miR-3093-3p,52,38,28,32,46,45
mmu-miR-1194,12,17,12,14,15,24
mmu-miR-672-5p,320,301,234,237,323,389
mmu-miR-467d-5p,55,49,20,24,45,51
mmu-miR-183-5p,29,57,30,25,41,88
mmu-miR-3102-5p.2-5p,44,34,20,28,34,55
mmu-miR-30b-3p,254,139,191,221,234,304
mmu-miR-351-3p,17,10,7,17,7,13
mmu-miR-126b-5p,95,118,39,43,140,370
mmu-miR-3074-1-3p,72,86,23,67,49,117
mmu-miR-467b-5p,37,10,10,11,81,51
mmu-miR-376a-5p,269,157,205,232,233,394
mmu-miR-6944-3p,138,108,75,73,84,125
mmu-miR-451a,223,150,228,294,226,317
mmu-miR-8114,50,50,27,31,34,41
mmu-miR-5129-5p,31,22,25,30,21,35
mmu-miR-384-3p,115,104,91,91,164,273
mmu-miR-19b-3p,21,21,31,15,36,15
mmu-miR-1224-3p,33,21,23,22,21,22
mmu-miR-7080-3p,159,215,72,102,91,233
mmu-miR-431-5p,357,339,240,236,404,600
mmu-miR-1264-3p,141,357,213,127,684,1020
mmu-miR-345-3p,91,88,90,86,118,195
mmu-miR-5128,8,12,6,1,7,8
mmu-miR-7667-5p,8,1,2,6,8,3
mmu-miR-551b-5p,45,36,29,50,45,85
mmu-miR-182-5p,35,94,61,45,69,116
mmu-miR-6915-3p,18,12,8,3,7,4
mmu-miR-874-5p,34,29,31,36,43,43
mmu-miR-6996-5p,2,2,0,2,5,2
mmu-miR-3068-3p,246,226,271,237,334,543
mmu-miR-3057-3p,33,21,15,26,9,26
mmu-miR-214-3p,19,21,12,27,29,29
mmu-miR-466e-3p,44,17,33,18,60,19
mmu-miR-344b-3p,133,122,86,92,160,231
mmu-miR-27b-5p,93,74,83,97,125,137
mmu-miR-491-3p,27,9,9,10,12,30
mmu-miR-3084-5p,3,0,3,8,3,6
mmu-miR-103-1-5p,6,0,1,2,3,7
mmu-miR-6911-3p,6,2,4,3,7,10
mmu-miR-3086-5p,26,17,8,13,22,24
mmu-miR-3083b-5p,29,27,10,16,20,21
mmu-miR-152-5p,9,9,6,1,7,18
mmu-miR-7093-3p,12,9,7,0,7,8
mmu-miR-664-5p,94,72,37,60,64,76
mmu-miR-495-5p,16,5,14,12,26,18
mmu-miR-7662-3p,6,4,1,3,0,1
mmu-miR-540-3p,74,98,64,64,92,165
mmu-miR-1964-3p,67,47,44,39,45,70
mmu-miR-28a-3p,126,103,94,129,153,192
mmu-miR-3079-5p,1,0,0,0,0,0
mmu-miR-130b-3p,38,22,25,27,41,42
mmu-miR-344d-3-5p,67,62,40,68,73,118
mmu-miR-466g,15,17,13,15,17,25
mmu-miR-7032-3p,7,2,3,5,3,8
mmu-miR-135b-5p,106,58,122,107,169,154
mmu-miR-218-2-3p,26,41,22,10,58,26
mmu-miR-3076-3p,16,15,14,6,9,13
mmu-miR-377-3p,33,42,56,36,37,87
mmu-miR-652-5p,8,8,2,3,7,4
mmu-miR-365-1-5p,3,2,10,5,5,5
mmu-miR-7651-5p,27,8,5,5,16,11
mmu-miR-6962-3p,18,13,7,12,13,20
mmu-miR-296-3p,92,114,46,49,71,136
mmu-miR-185-3p,103,126,57,69,98,136
mmu-miR-1969,11,9,8,12,18,35
mmu-miR-7063-5p,7,7,1,5,6,5
mmu-miR-3061-3p,41,35,30,31,39,35
mmu-miR-3070-3p,1,0,0,0,0,0
mmu-miR-30d-3p,37,16,32,29,28,79
mmu-miR-486b-5p,211,1793,2677,109,1289,3690
mmu-miR-6952-3p,6,2,4,8,1,2
mmu-miR-3057-5p,25,16,14,8,9,23
mmu-miR-669o-3p,68,157,2,31,79,177
mmu-miR-31-3p,16,12,20,12,42,49
mmu-miR-539-5p,77,64,44,63,60,72
mmu-miR-1197-3p,13,23,9,8,14,47
mmu-miR-6937-3p,4,3,1,3,3,6
mmu-miR-205-5p,42,34,40,49,35,47
mmu-miR-505-3p,9,9,9,2,9,19
mmu-miR-3065-3p,96,91,72,76,127,103
mmu-miR-3083b-3p,21,12,20,24,24,69
mmu-miR-7013-5p,8,0,2,0,0,3
mmu-miR-467a-5p,109,162,101,89,136,309
mmu-miR-193a-5p,38,41,32,29,38,24
mmu-miR-541-3p,35,18,18,19,23,45
mmu-miR-7220-5p,12,13,10,10,14,17
mmu-miR-6982-3p,16,19,8,5,26,15
mmu-miR-6989-3p,28,21,26,27,25,24
mmu-miR-7224-3p,58,42,22,17,39,47
mmu-miR-666-3p,18,36,20,28,29,41
mmu-miR-5620-5p,25,27,22,20,27,12
mmu-miR-150-3p,45,34,26,40,32,33
mmu-miR-7659-5p,5,1,5,1,2,5
mmu-miR-450a-5p,66,47,39,53,76,153
mmu-miR-381-5p,98,101,90,89,123,116
mmu-miR-7037-5p,3,2,3,3,5,7
mmu-miR-181d-3p,33,26,17,30,21,31
mmu-let-7f-1-3p,95,63,69,64,85,106
mmu-miR-344f-3p,20,46,19,18,21,61
mmu-miR-3072-5p,2,3,4,6,5,1
mmu-miR-10b-5p,68,47,161,113,157,147
mmu-miR-23b-5p,61,35,32,30,28,39
mmu-miR-223-3p,47,40,23,54,62,54
mmu-miR-122-5p,13,24,22,24,23,16
mmu-miR-5620-3p,7,7,2,1,7,7
mmu-miR-3067-5p,1,7,0,2,4,5
mmu-miR-219a-1-3p,5,4,6,0,15,6
mmu-miR-3071-3p,63,41,56,63,44,124
mmu-miR-194-2-3p,9,8,5,6,20,5
mmu-miR-669k-5p,6,1,2,0,0,3
mmu-miR-34b-5p,55,77,79,25,278,6
mmu-miR-218-1-3p,39,17,21,19,31,38
mmu-miR-380-5p,76,109,48,56,182,197
mmu-miR-7231-5p,6,9,2,8,14,3
mmu-miR-8120,5,3,6,4,9,7
mmu-miR-1195,26,35,14,8,21,18
mmu-miR-376a-3p,5,15,5,11,11,14
mmu-miR-7235-3p,21,12,9,19,18,18
mmu-miR-96-5p,10,8,20,16,13,20
mmu-miR-6899-3p,7,9,11,8,4,10
mmu-miR-148a-5p,33,22,14,9,14,50
mmu-miR-3083-5p,59,55,46,89,78,73
mmu-miR-140-5p,108,96,112,101,272,200
mmu-miR-10a-5p,90,66,96,93,101,137
mmu-miR-505-5p,32,53,39,26,42,68
mmu-miR-410-5p,18,12,5,15,12,38
mmu-miR-1306-3p,5,3,4,8,6,8
mmu-miR-301b-3p,14,6,7,8,2,4
mmu-miR-450b-3p,10,11,6,12,17,11
mmu-miR-200c-3p,29,32,209,56,15,22
mmu-miR-301a-5p,31,32,36,26,39,63
mmu-miR-669d-5p,24,26,7,7,10,15
mmu-miR-20a-5p,101,102,107,84,281,203
mmu-miR-6971-3p,6,7,0,1,3,7
mmu-miR-7066-3p,32,29,13,19,26,24
mmu-miR-7661-3p,10,7,5,9,2,5
mmu-miR-362-3p,26,32,30,29,50,67
mmu-miR-3070-5p,13,20,16,7,10,12
mmu-miR-3105-3p,4,7,4,4,10,11
mmu-miR-193a-3p,3,10,5,4,3,4
mmu-miR-429-3p,58,14,46,118,84,21
mmu-miR-466a-3p,45,53,19,11,31,25
mmu-miR-1947-5p,32,26,12,18,19,42
mmu-miR-6905-3p,1,0,0,0,0,0
mmu-miR-6929-3p,6,10,7,9,7,6
mmu-miR-6412,56,35,34,69,53,68
mmu-miR-7015-3p,18,12,4,8,11,18
mmu-miR-1188-5p,20,23,13,16,17,32
mmu-miR-3077-3p,17,19,3,8,5,6
mmu-miR-376c-5p,5,0,1,1,0,4
mmu-miR-145b,5,0,8,1,4,1
mmu-miR-503-5p,7,12,7,11,17,25
mmu-miR-20a-3p,5,0,0,0,1,5
mmu-miR-486a-3p,56,63,29,83,33,26
mmu-let-7c-1-3p,90,54,65,56,99,104
mmu-miR-488-5p,29,30,13,34,29,48
mmu-miR-3473d,2,9,2,2,8,8
mmu-miR-5615-5p,1,0,0,0,0,0
mmu-miR-6715-5p,9,3,5,2,2,12
mmu-miR-337-3p,19,32,16,17,52,55
mmu-miR-195a-3p,63,38,51,53,60,42
mmu-miR-26b-3p,75,57,69,68,51,88
mmu-miR-499-5p,35,18,22,37,37,45
mmu-miR-210-5p,39,19,20,21,28,29
mmu-miR-3086-3p,12,1,3,8,3,10
mmu-miR-3087-3p,11,12,3,18,17,13
mmu-miR-346-3p,6,5,4,5,3,7
mmu-miR-6418-3p,69,42,34,53,41,68
mmu-miR-6945-3p,27,26,14,32,26,29
mmu-miR-7027-3p,15,5,6,11,4,19
mmu-miR-153-5p,26,25,30,32,37,52
mmu-miR-669f-3p,25,20,17,14,26,10
mmu-miR-494-3p,14,14,15,21,20,34
mmu-miR-135a-2-3p,39,46,28,27,47,85
mmu-miR-1966-5p,3,1,0,0,3,3
mmu-miR-7116-3p,4,2,0,1,0,0
mmu-miR-669b-5p,6,2,1,2,3,4
mmu-miR-12200-5p,4,3,7,4,12,11
mmu-miR-25-5p,16,11,7,16,10,12
mmu-miR-6912-3p,9,3,2,2,3,4
mmu-miR-6948-5p,4,0,0,0,2,1
mmu-miR-6994-3p,1,1,3,1,4,6
mmu-miR-3572-3p,4,3,6,3,1,4
mmu-miR-3064-5p,12,19,9,10,21,19
mmu-miR-344c-3p,8,9,3,12,11,20
mmu-miR-483-5p,10,7,10,8,11,19
mmu-miR-7054-3p,2,1,1,4,2,2
mmu-miR-7220-3p,9,7,5,9,14,9
mmu-miR-466c-5p,22,21,13,17,16,17
mmu-miR-466h-3p,30,24,13,7,18,20
mmu-miR-6934-5p,4,5,3,1,4,3
mmu-miR-7688-5p,7,11,6,19,7,19
mmu-miR-16-2-3p,4,0,11,5,6,9
mmu-miR-344-5p,12,14,0,9,11,9
mmu-miR-300-5p,3,0,1,2,13,8
mmu-miR-3095-3p,16,14,2,10,13,12
mmu-miR-376c-3p,23,33,38,17,41,54
mmu-miR-511-3p,7,5,4,4,9,10
mmu-miR-670-5p,2,8,2,2,7,5
mmu-miR-3066-3p,5,2,0,0,1,1
mmu-miR-186-3p,4,0,0,2,1,4
mmu-miR-3065-5p,12,10,4,19,17,8
mmu-miR-93-3p,30,23,33,18,54,34
mmu-miR-1264-5p,12,51,27,7,62,118
mmu-miR-6538,4,11,2,3,1,5
mmu-miR-7041-5p,3,0,0,0,0,0
mmu-miR-1941-5p,7,4,2,8,3,3
mmu-miR-7674-3p,3,2,1,3,2,1
mmu-miR-8103,12,17,8,18,8,6
mmu-miR-6540-3p,18,27,14,10,15,18
mmu-miR-466m-3p,7,3,1,1,1,0
mmu-miR-217-5p,6,6,4,0,6,9
mmu-miR-540-5p,32,41,22,19,50,80
mmu-miR-15a-3p,13,18,10,7,15,13
mmu-miR-5099,60,14,12,28,20,24
mmu-miR-3535,42,48,37,40,69,62
mmu-miR-1943-5p,26,6,13,16,8,29
mmu-miR-6948-3p,11,11,18,9,9,9
mmu-miR-665-5p,2,0,0,0,0,2
mmu-miR-15b-3p,15,22,16,30,21,23
mmu-miR-5121,25,18,8,12,15,24
mmu-miR-7669-5p,3,5,2,3,2,4
mmu-miR-5626-5p,2,0,0,3,0,0
mmu-miR-98-3p,2,5,1,4,5,10
mmu-miR-322-5p,31,16,32,37,59,66
mmu-miR-6967-3p,1,0,0,0,0,0
mmu-miR-130a-5p,3,2,3,0,0,6
mmu-miR-7081-3p,20,3,6,15,4,7
mmu-miR-7085-3p,4,2,0,2,1,3
mmu-let-7g-3p,17,17,10,11,19,29
mmu-miR-6769b-3p,7,3,2,12,5,2
mmu-miR-7075-3p,2,2,2,2,6,3
mmu-miR-3058-5p,12,7,18,11,10,9
mmu-miR-466f-3p,2,0,0,0,1,2
mmu-miR-7043-3p,1,1,0,0,1,0
mmu-miR-188-5p,4,9,5,4,4,14
mmu-let-7a-2-3p,7,6,11,7,5,6
mmu-miR-32-3p,5,3,2,1,8,8
mmu-miR-3082-3p,17,15,13,15,25,25
mmu-miR-3083-3p,12,5,13,6,18,23
mmu-miR-7033-5p,1,1,1,0,1,5
mmu-miR-1231-3p,13,5,3,4,1,4
mmu-miR-668-5p,8,21,14,14,20,23
mmu-miR-1843b-3p,10,5,1,1,5,9
mmu-miR-7687-3p,4,3,1,0,2,5
mmu-miR-7046-3p,25,18,9,16,16,13
mmu-miR-344h-3p,5,11,7,4,6,25
mmu-miR-1933-3p,7,0,3,1,2,5
mmu-miR-9b-5p,8,0,4,2,23,37
mmu-miR-3062-5p,10,8,4,7,9,16
mmu-miR-6240,13,27,17,20,16,30
mmu-miR-467c-5p,15,24,20,15,22,51
mmu-miR-7069-3p,2,0,4,6,1,2
mmu-miR-3085-5p,6,10,13,7,5,10
mmu-miR-542-5p,5,2,3,4,4,5
mmu-miR-449a-5p,7,1,6,3,4,13
mmu-miR-7000-3p,16,17,4,12,15,16
mmu-miR-12199-3p,1,0,0,0,1,3
mmu-miR-3060-3p,21,18,5,11,17,30
mmu-miR-12184-3p,1,0,0,0,0,1
mmu-miR-6997-5p,6,8,4,6,9,7
mmu-miR-12194-3p,11,13,14,9,10,25
mmu-miR-7085-5p,6,3,0,0,0,2
mmu-miR-7012-3p,3,0,1,0,2,1
mmu-miR-363-5p,1,1,0,0,7,5
mmu-miR-1188-3p,7,11,2,5,5,13
mmu-miR-6239,6,6,0,2,3,4
mmu-miR-1191b-5p,1,4,0,0,4,4
mmu-miR-190a-5p,4,2,2,1,1,1
mmu-miR-706,1,0,0,1,1,0
mmu-miR-1948-3p,13,12,5,11,16,18
mmu-miR-7004-3p,13,5,2,3,6,4
mmu-miR-702-5p,2,0,0,2,2,0
mmu-miR-7236-3p,12,4,6,6,8,3
mmu-miR-344d-1-5p,16,4,6,9,9,7
mmu-miR-29b-1-5p,11,10,17,14,8,27
mmu-miR-7063-3p,5,4,3,0,2,4
mmu-miR-1943-3p,7,7,2,3,6,3
mmu-miR-6966-5p,3,3,0,8,2,5
mmu-miR-760-5p,3,4,4,4,5,12
mmu-miR-3473a,10,6,7,9,4,22
mmu-miR-103-2-5p,22,14,17,13,19,30
mmu-miR-6932-3p,4,1,0,0,0,0
mmu-miR-3082-5p,4,1,2,0,0,1
mmu-miR-344c-5p,3,14,2,1,4,15
mmu-miR-6931-3p,1,0,0,0,0,1
mmu-miR-12187-3p,4,2,0,8,8,2
mmu-miR-450b-5p,1,0,0,0,0,1
mmu-miR-144-3p,7,1,3,5,0,2
mmu-miR-26a-1-3p,12,8,10,13,12,18
mmu-miR-100-3p,6,6,0,5,8,6
mmu-miR-363-3p,13,13,87,19,6,19
mmu-miR-7080-5p,21,27,24,14,33,27
mmu-miR-143-5p,4,16,13,20,28,37
mmu-miR-496a-5p,12,6,4,13,8,15
mmu-miR-7685-5p,12,6,1,8,5,5
mmu-miR-8111,6,5,5,4,4,3
mmu-miR-6516-5p,11,11,11,18,17,27
mmu-miR-6986-5p,7,8,3,8,7,19
mmu-miR-7083-5p,9,8,3,2,8,3
mmu-miR-690,21,19,2,21,20,19
mmu-miR-3099-5p,10,6,5,5,1,2
mmu-miR-544-3p,13,8,14,4,10,21
mmu-miR-8105,8,6,0,1,1,5
mmu-miR-301a-3p,3,10,5,10,10,8
mmu-miR-7237-3p,3,1,0,2,2,0
mmu-miR-200b-5p,17,4,16,24,19,8
mmu-miR-3069-3p,4,2,2,1,4,10
mmu-miR-5617-3p,3,7,5,4,8,10
mmu-miR-6959-3p,3,5,2,0,1,4
mmu-miR-3474,12,6,4,4,6,6
mmu-miR-3089-3p,2,0,2,0,6,0
mmu-miR-33-5p,1,3,3,1,5,5
mmu-miR-216c-5p,2,0,0,0,0,0
mmu-miR-126b-3p,8,222,74,338,19,700
mmu-miR-1198-3p,10,9,8,3,7,12
mmu-miR-7073-3p,1,0,0,0,1,0
mmu-miR-3087-5p,6,2,0,3,3,0
mmu-miR-598-5p,7,4,12,6,8,7
mmu-miR-466i-5p,18,16,4,8,9,10
mmu-miR-6916-3p,3,1,0,0,0,0
mmu-miR-135b-3p,2,0,1,0,1,2
mmu-miR-107-5p,8,2,10,9,15,19
mmu-miR-6988-3p,3,1,4,2,3,8
mmu-miR-12189-3p,5,7,3,3,7,7
mmu-miR-7673-5p,1,1,0,0,0,0
mmu-miR-1247-3p,1,0,1,0,2,4
mmu-miR-12184-5p,6,4,4,8,10,5
mmu-miR-6937-5p,1,1,0,1,0,3
mmu-miR-188-3p,9,6,6,6,11,19
mmu-miR-1251-5p,5,7,0,1,8,11
mmu-miR-7052-3p,9,7,4,7,5,1
mmu-miR-6977-3p,3,6,6,5,7,8
mmu-miR-7010-5p,1,3,3,0,0,0
mmu-miR-1249-5p,1,0,1,1,1,3
mmu-miR-7031-5p,2,4,1,3,4,3
mmu-miR-467h,6,7,6,0,6,3
mmu-miR-669l-5p,2,2,6,3,1,1
mmu-miR-12201-3p,1,1,0,0,3,1
mmu-miR-487b-5p,4,20,14,12,11,21
mmu-miR-222-5p,10,13,7,14,11,30
mmu-miR-219c-5p,4,1,1,0,5,3
mmu-miR-6998-3p,3,2,0,1,1,1
mmu-miR-10a-3p,1,0,0,1,1,1
mmu-miR-3069-5p,5,1,0,0,2,5
mmu-miR-18a-3p,2,8,8,4,11,9
mmu-miR-3105-5p,2,1,0,0,0,0
mmu-miR-5130,2,0,0,1,1,0
mmu-miR-1b-5p,8,33,8,10,39,65
mmu-miR-7032-5p,1,0,0,0,0,0
mmu-miR-144-5p,5,4,1,2,2,7
mmu-miR-298-3p,9,9,4,4,6,14
mmu-miR-6900-5p,3,3,5,1,6,3
mmu-miR-3100-5p,4,3,0,5,1,3
mmu-miR-6936-3p,1,0,0,1,0,2
mmu-miR-7066-5p,5,0,8,3,2,2
mmu-miR-201-5p,1,2,0,4,2,1
mmu-miR-3097-3p,8,11,4,4,22,15
mmu-miR-3473g,2,1,0,0,0,1
mmu-miR-500-5p,12,3,6,3,6,8
mmu-miR-669o-5p,4,7,10,6,4,15
mmu-miR-879-5p,8,7,4,13,11,23
mmu-miR-7115-3p,3,3,1,0,2,2
mmu-miR-7008-3p,2,4,0,0,4,3
mmu-miR-214-5p,6,4,3,4,3,12
mmu-miR-7665-3p,1,0,0,0,0,0
mmu-miR-6918-5p,6,3,3,5,3,7
mmu-miR-9768-5p,7,5,10,5,5,12
mmu-miR-615-3p,5,1,3,0,3,3
mmu-miR-33-3p,8,13,8,8,24,16
mmu-miR-5126,5,7,1,4,3,13
mmu-miR-493-3p,7,4,9,8,7,22
mmu-miR-467a-3p,5,18,2,1,7,23
mmu-miR-1893,1,0,0,0,0,0
mmu-miR-292a-5p,2,0,0,0,0,1
mmu-miR-669d-3p,1,0,0,0,0,0
mmu-miR-3061-5p,10,12,11,11,18,29
mmu-miR-3081-3p,2,3,0,1,7,6
mmu-miR-3473b,3,1,1,0,0,1
mmu-miR-582-3p,2,8,2,3,5,14
mmu-miR-7059-5p,5,5,7,6,5,7
mmu-miR-7686-5p,1,0,0,2,0,0
mmu-miR-547-3p,2,2,2,0,6,4
mmu-miR-1968-5p,6,11,8,15,12,15
mmu-miR-344e-3p,1,1,5,1,0,7
mmu-miR-7118-3p,5,2,7,2,4,4
mmu-miR-3076-5p,2,8,4,4,9,10
mmu-miR-106a-5p,8,9,5,4,16,17
mmu-miR-199b-5p,14,19,19,18,34,43
mmu-miR-6916-5p,3,2,0,0,0,0
mmu-miR-6392-5p,8,5,4,5,7,7
mmu-miR-6999-3p,4,3,2,3,3,5
mmu-miR-6395,2,1,11,10,4,12
mmu-miR-6928-5p,2,3,1,1,4,0
mmu-miR-6900-3p,4,6,1,0,1,7
mmu-miR-467e-5p,9,17,6,8,9,23
mmu-miR-504-3p,7,2,6,6,13,9
mmu-miR-7000-5p,1,0,1,0,0,0
mmu-miR-30f,1,65,1,66,2,134
mmu-miR-466c-3p,5,23,0,33,0,0
mmu-miR-6939-3p,1,1,1,1,5,1
mmu-miR-133a-5p,2,0,0,0,2,0
mmu-miR-328-5p,4,0,1,1,0,1
mmu-miR-7020-3p,1,0,0,0,0,0
mmu-miR-6984-5p,4,2,0,0,1,6
mmu-miR-6946-3p,2,1,1,2,1,3
mmu-miR-6912-5p,8,7,1,5,10,16
mmu-miR-542-3p,1,0,1,1,2,3
mmu-miR-466d-5p,1,0,0,0,0,1
mmu-miR-6919-5p,1,2,0,0,0,0
mmu-miR-6955-3p,2,8,2,0,2,3
mmu-miR-6990-5p,4,2,2,0,1,3
mmu-miR-7654-5p,1,0,0,0,0,2
mmu-miR-6915-5p,2,1,1,6,4,6
mmu-miR-3080-5p,3,3,1,1,1,2
mmu-miR-879-3p,6,4,3,8,11,10
mmu-miR-12200-3p,4,0,4,1,2,8
mmu-miR-181b-1-3p,4,3,3,3,3,8
mmu-miR-7019-5p,2,1,0,0,2,2
mmu-miR-6943-3p,1,0,1,0,2,3
mmu-miR-5622-5p,2,0,0,0,0,0
mmu-miR-1291,5,1,0,1,3,1
mmu-miR-6906-5p,2,2,1,6,2,2
mmu-miR-7115-5p,6,11,6,14,6,7
mmu-miR-669b-3p,1,2,1,0,2,1
mmu-miR-3569-5p,1,0,0,0,0,0
mmu-miR-7012-5p,1,0,1,0,0,1
mmu-miR-1945,2,4,0,2,2,1
mmu-miR-6975-3p,2,0,0,0,1,2
mmu-miR-149-3p,4,14,9,7,5,8
mmu-miR-3572-5p,3,1,0,2,1,1
mmu-miR-326-5p,1,1,1,0,0,0
mmu-miR-6985-5p,5,1,2,3,4,0
mmu-miR-1949,2,1,2,3,9,2
mmu-miR-7022-3p,1,1,0,0,0,2
mmu-miR-200a-5p,1,3,3,9,8,1
mmu-miR-7016-3p,2,1,0,0,4,3
mmu-miR-7226-3p,4,6,6,3,4,13
mmu-miR-3569-3p,2,1,5,2,0,0
mmu-miR-7028-5p,1,1,0,2,0,0
mmu-miR-12191-3p,2,3,1,0,2,3
mmu-miR-7071-5p,1,5,1,1,2,2
mmu-miR-365-2-5p,1,2,2,5,1,1
mmu-miR-6896-5p,1,3,1,4,4,5
mmu-miR-382-3p,1,0,0,3,0,0
mmu-miR-6909-3p,1,0,0,0,0,0
mmu-miR-494-5p,3,3,0,1,0,2
mmu-miR-6964-3p,1,0,0,0,0,0
mmu-miR-6996-3p,1,0,1,0,0,0
mmu-miR-6921-3p,1,3,0,1,1,0
mmu-miR-290a-5p,1,0,0,0,0,1
mmu-miR-5100,2,0,3,4,3,1
mmu-miR-6928-3p,2,2,9,1,5,4
mmu-miR-374c-5p,1,3,4,0,2,4
mmu-miR-1970,1,0,0,0,0,0
mmu-miR-7653-3p,7,1,2,2,4,1
mmu-miR-7047-5p,2,1,3,1,2,1
mmu-miR-6908-3p,2,0,3,0,0,0
mmu-miR-6906-3p,2,2,0,0,3,4
mmu-miR-5133,1,0,0,0,0,0
mmu-miR-3064-3p,4,0,1,2,3,3
mmu-miR-6955-5p,3,2,2,3,5,7
mmu-miR-1231-5p,3,2,1,3,1,2
mmu-miR-6962-5p,3,2,1,3,0,0
mmu-miR-7015-5p,1,2,1,1,2,0
mmu-miR-7668-5p,1,4,4,5,2,2
mmu-miR-320-5p,2,1,0,0,0,1
mmu-miR-7240-5p,3,7,0,4,4,6
mmu-miR-378b,2,6,3,0,16,3
mmu-miR-7069-5p,1,2,1,0,3,1
mmu-miR-7024-5p,1,2,2,1,3,1
mmu-miR-1946a,2,5,0,1,1,0
mmu-miR-219a-5p,6,14,0,0,5,0
mmu-miR-7056-3p,1,3,0,1,0,1
mmu-miR-7031-3p,2,1,0,0,1,5
mmu-miR-208a-5p,1,2,1,0,0,2
mmu-miR-1960,1,1,3,2,1,3
mmu-miR-7025-3p,1,0,2,0,0,4
mmu-miR-7222-3p,1,0,0,0,0,0
mmu-let-7f-2-3p,2,3,2,2,2,5
mmu-miR-7056-5p,5,0,0,1,2,1
mmu-miR-6966-3p,2,2,1,3,1,4
mmu-miR-6954-3p,5,2,0,3,1,4
mmu-miR-6968-3p,4,2,5,1,7,5
mmu-miR-455-5p,3,3,1,0,3,1
mmu-miR-6897-5p,2,2,1,0,3,3
mmu-miR-29a-5p,1,6,3,2,6,5
mmu-miR-7685-3p,3,1,2,0,0,3
mmu-miR-20b-5p,5,6,21,9,16,9
mmu-miR-7042-5p,1,1,0,0,0,1
mmu-miR-741-3p,1,0,0,0,0,3
mmu-miR-6926-3p,1,3,0,0,3,3
mmu-miR-12193-5p,1,0,2,0,0,0
mmu-miR-7674-5p,1,2,1,1,6,3
mmu-miR-6908-5p,1,5,2,1,0,5
mmu-miR-709,1,0,0,0,0,0
mmu-miR-3110-5p,2,0,0,1,0,5
mmu-miR-6946-5p,1,1,0,2,0,3
mmu-miR-3544-5p,2,1,1,0,0,0
mmu-miR-3470a,1,0,0,1,0,2
mmu-miR-7022-5p,5,0,2,1,3,2
mmu-miR-1947-3p,1,0,0,0,0,0
mmu-miR-497b,1,0,0,0,0,0
mmu-miR-7055-5p,2,0,4,1,1,0
mmu-miR-7034-3p,2,3,1,1,6,5
mmu-miR-669a-3-3p,1,2,1,0,4,2
mmu-miR-7004-5p,1,3,3,7,4,9
mmu-miR-1199-5p,1,1,0,0,0,0
mmu-miR-12181-3p,1,1,1,0,0,0
mmu-miR-7038-3p,4,5,1,0,0,3
mmu-miR-7023-3p,2,0,0,4,1,0
mmu-miR-101a-5p,1,2,0,4,5,6
mmu-miR-679-5p,1,0,1,1,2,0
mmu-miR-6942-5p,1,0,0,0,0,1
mmu-miR-7070-3p,1,0,0,0,0,0
mmu-miR-7062-5p,1,1,4,1,2,1
mmu-miR-7036b-5p,1,0,0,2,2,3
mmu-miR-19b-1-5p,1,1,0,2,0,1
mmu-miR-467b-3p,1,3,0,0,0,0
mmu-miR-6911-5p,1,0,0,0,0,0
mmu-miR-7652-3p,2,1,1,2,2,1
mmu-miR-1187,4,4,0,3,5,2
mmu-miR-3058-3p,1,0,0,3,0,0
mmu-miR-293-3p,1,0,0,0,0,0
mmu-miR-7650-5p,1,0,1,2,2,1
mmu-miR-302d-3p,2,0,0,0,0,1
mmu-miR-6990-3p,1,0,0,0,0,3
mmu-miR-7668-3p,1,2,3,0,0,2
mmu-miR-7068-3p,4,5,3,1,5,2
mmu-miR-486b-3p,1,0,19,0,10,19
mmu-miR-669p-3p,3,1,0,3,0,1
mmu-miR-7647-5p,1,0,0,0,0,2
mmu-miR-216a-5p,1,1,2,1,3,7
mmu-miR-1193-5p,2,1,1,0,0,3
mmu-miR-383-3p,5,17,10,14,18,24
mmu-miR-7073-5p,1,4,0,0,0,2
mmu-miR-3059-3p,2,4,2,2,6,1
mmu-miR-7013-3p,1,0,0,3,1,3
mmu-miR-7026-5p,1,0,0,0,1,1
mmu-miR-677-3p,1,2,1,0,1,2
mmu-miR-5134-3p,1,1,1,2,3,2
mmu-miR-141-3p,1,5,53,8,0,2
mmu-miR-7084-5p,1,0,0,1,0,0
mmu-miR-758-5p,2,1,1,1,2,10
mmu-miR-7044-5p,1,0,0,0,0,0
mmu-miR-7662-5p,1,0,1,0,0,0
mmu-miR-6970-5p,1,2,0,3,1,0
mmu-miR-669c-3p,1,1,0,0,0,0
mmu-miR-3960,1,0,0,0,0,0
mmu-miR-466p-3p,2,1,6,0,1,0
mmu-miR-6913-5p,2,2,0,0,2,3
mmu-miR-466o-5p,2,0,1,0,0,0
mmu-miR-7021-5p,2,0,0,1,0,2
mmu-miR-142a-5p,2,5,2,1,1,6
mmu-miR-32-5p,1,2,11,4,4,1
mmu-miR-7002-5p,1,0,0,0,2,0
mmu-miR-3544-3p,1,2,3,1,12,7
mmu-miR-5132-3p,2,0,0,1,0,1
mmu-miR-7219-3p,2,0,1,2,1,0
mmu-miR-7665-5p,1,0,0,0,1,1
mmu-miR-7006-3p,1,0,0,0,0,0
mmu-miR-344f-5p,1,1,3,0,0,0
mmu-miR-7026-3p,1,0,0,0,0,0
mmu-miR-301b-5p,2,0,0,0,0,0
mmu-miR-6942-3p,1,3,0,4,0,0
mmu-miR-3078-3p,1,3,0,0,5,2
mmu-miR-7024-3p,1,3,3,0,4,0
mmu-miR-592-3p,1,1,0,1,2,7
mmu-miR-1982-5p,1,1,0,0,0,0
mmu-miR-7677-3p,1,0,0,2,1,1
mmu-miR-344b-5p,1,1,0,0,0,0
mmu-miR-8112,1,2,1,1,1,0
mmu-miR-18a-5p,1,2,2,2,3,2
mmu-miR-6914-5p,1,0,0,0,1,0
mmu-miR-465a-3p,1,0,0,0,0,0
mmu-miR-3071-5p,1,2,2,3,3,10
mmu-miR-7658-3p,0,1,0,0,2,0
mmu-miR-669p-5p,0,25,8,15,31,21
mmu-miR-6238,0,10,5,5,4,6
mmu-miR-7016-5p,0,1,0,2,0,2
mmu-miR-7212-5p,0,1,0,0,0,0
mmu-miR-5116,0,2,0,0,0,1
mmu-miR-7092-5p,0,2,0,2,1,0
mmu-miR-6931-5p,0,1,0,0,0,0
mmu-miR-7067-3p,0,1,2,1,0,0
mmu-miR-297a-5p,0,3,1,2,0,1
mmu-miR-142a-3p,0,1,1,7,4,6
mmu-miR-6952-5p,0,2,1,0,0,7
mmu-miR-1929-5p,0,1,0,0,1,0
mmu-miR-12192-5p,0,1,0,2,1,1
mmu-miR-6965-3p,0,2,0,1,0,1
mmu-miR-6941-3p,0,2,0,1,0,1
mmu-miR-341-5p,0,5,1,1,2,5
mmu-miR-7005-3p,0,2,0,0,0,0
mmu-miR-190b-5p,0,3,1,1,0,2
mmu-miR-23a-5p,0,2,2,1,1,2
mmu-miR-1912-3p,0,13,6,0,38,16
mmu-miR-7664-3p,0,2,0,2,2,1
mmu-miR-292b-5p,0,1,0,0,1,4
mmu-miR-7045-3p,0,4,0,3,1,0
mmu-miR-6898-5p,0,4,1,3,2,2
mmu-miR-8106,0,2,0,0,1,1
mmu-miR-3470b,0,2,4,3,3,9
mmu-miR-19a-3p,0,1,1,0,0,0
mmu-miR-302b-3p,0,1,0,1,0,1
mmu-miR-6976-5p,0,1,0,1,0,2
mmu-miR-467e-3p,0,3,0,0,0,0
mmu-miR-6913-3p,0,2,6,1,4,4
mmu-miR-203b-3p,0,4,1,2,0,4
mmu-miR-6994-5p,0,1,0,0,1,1
mmu-miR-6959-5p,0,1,0,1,0,0
mmu-miR-3088-3p,0,4,1,2,5,2
mmu-miR-466m-5p,0,5,0,1,2,0
mmu-miR-6899-5p,0,1,0,0,0,1
mmu-miR-7687-5p,0,3,2,0,1,0
mmu-miR-758-3p,0,5,0,0,0,1
mmu-miR-466o-3p,0,2,0,0,1,0
mmu-miR-7074-3p,0,1,0,0,0,1
mmu-miR-7065-5p,0,1,0,0,0,0
mmu-miR-6935-5p,0,2,0,0,0,0
mmu-miR-7213-5p,0,1,2,1,3,4
mmu-miR-7054-5p,0,2,1,0,0,0
mmu-miR-5626-3p,0,1,0,1,0,1
mmu-miR-1938,0,1,0,1,0,0
mmu-miR-1197-5p,0,1,0,0,0,0
mmu-miR-3154,0,2,0,0,0,0
mmu-miR-7070-5p,0,1,0,0,0,0
mmu-miR-6979-3p,0,2,1,1,5,3
mmu-miR-297b-3p,0,1,0,0,2,0
mmu-miR-16-1-3p,0,1,2,1,5,5
mmu-miR-297a-3p,0,2,3,1,3,0
mmu-miR-10b-3p,0,1,3,0,0,0
mmu-miR-6963-3p,0,1,1,0,0,2
mmu-miR-6947-3p,0,1,0,2,0,0
mmu-miR-3098-3p,0,2,0,1,2,0
mmu-miR-350-5p,0,1,0,0,0,1
mmu-miR-669e-5p,0,1,0,4,5,1
mmu-miR-1970c-3p,0,1,0,0,1,0
mmu-miR-5114,0,1,1,1,1,1
mmu-miR-7091-5p,0,1,0,0,0,0
mmu-miR-6930-5p,0,1,0,0,2,1
mmu-miR-493-5p,0,6,0,4,4,5
mmu-miR-12193-3p,0,1,0,0,0,0
mmu-miR-297c-3p,0,1,0,0,1,5
mmu-miR-3106-3p,0,1,0,0,0,0
mmu-miR-6973b-3p,0,1,0,0,0,0
mmu-miR-6769b-5p,0,2,0,0,1,3
mmu-miR-467f,0,1,0,0,0,0
mmu-miR-412-3p,0,3,1,0,1,5
mmu-miR-216a-3p,0,2,1,1,0,3
mmu-miR-669m-5p,0,1,0,2,0,5
mmu-miR-450a-1-3p,0,1,1,0,0,0
mmu-miR-297b-5p,0,1,2,1,0,0
mmu-miR-207,0,1,0,0,0,0
mmu-miR-223-5p,0,1,2,0,1,1
mmu-miR-7045-5p,0,1,0,0,0,0
mmu-miR-1955-3p,0,1,0,0,1,0
mmu-miR-3077-5p,0,1,0,0,0,0
mmu-miR-679-3p,0,2,1,1,3,1
mmu-miR-670-3p,0,2,0,1,3,1
mmu-miR-7237-5p,0,1,0,0,0,0
mmu-miR-704,0,2,0,0,2,3
mmu-miR-3109-3p,0,1,1,0,1,0
mmu-miR-6539,0,1,0,0,0,0
mmu-miR-7682-3p,0,2,0,0,0,0
mmu-miR-6933-5p,0,1,1,1,10,1
mmu-miR-483-3p,0,2,0,0,0,0
mmu-miR-7009-5p,0,1,0,0,0,0
mmu-miR-7671-3p,0,1,0,0,0,1
mmu-miR-7078-5p,0,1,0,0,0,0
mmu-miR-1946b,0,1,0,0,3,2
mmu-miR-1941-3p,0,1,0,1,2,0
mmu-miR-18b-3p,0,1,0,0,0,0
mmu-miR-6910-3p,0,1,0,0,0,2
mmu-miR-3094-5p,0,1,1,2,1,1
mmu-miR-6954-5p,0,1,0,0,0,1
mmu-miR-871-3p,0,1,0,0,1,1
mmu-miR-5103,0,1,0,2,0,0
mmu-miR-344d-2-5p,0,1,2,1,2,2
mmu-miR-6983-5p,0,1,0,1,0,0
mmu-miR-466b-3p,0,1,0,2,3,50
mmu-miR-7064-5p,0,1,0,1,0,0
mmu-miR-203b-5p,0,1,0,16,33,1
mmu-miR-299b-5p,0,1,0,1,0,2
mmu-miR-1936,0,0,4,1,2,1
mmu-miR-876-5p,0,0,3,0,1,1
mmu-miR-466n-3p,0,0,2,0,0,1
mmu-miR-7664-5p,0,0,1,0,0,0
mmu-miR-7007-5p,0,0,1,0,0,0
mmu-miR-99a-3p,0,0,3,0,1,3
mmu-miR-6537-3p,0,0,1,1,0,1
mmu-miR-5623-5p,0,0,1,0,1,0
mmu-miR-6976-3p,0,0,3,0,0,1
mmu-miR-466n-5p,0,0,1,0,2,0
mmu-miR-6546-3p,0,0,1,0,0,0
mmu-miR-7655-3p,0,0,1,0,3,0
mmu-miR-6998-5p,0,0,1,0,0,1
mmu-miR-219b-3p,0,0,6,1,0,16
mmu-miR-291a-5p,0,0,2,0,0,1
mmu-miR-6922-5p,0,0,1,1,2,2
mmu-miR-3106-5p,0,0,1,1,2,0
mmu-miR-5627-3p,0,0,1,1,0,0
mmu-miR-590-3p,0,0,1,0,0,0
mmu-miR-7049-5p,0,0,2,0,1,2
mmu-miR-6927-5p,0,0,3,0,0,1
mmu-miR-7036a-3p,0,0,1,3,3,0
mmu-miR-203-5p,0,0,5,0,2,0
mmu-miR-196b-5p,0,0,3,3,0,0
mmu-miR-6991-3p,0,0,1,0,0,0
mmu-miR-7014-5p,0,0,1,0,0,0
mmu-miR-12178-5p,0,0,1,1,0,0
mmu-miR-7082-3p,0,0,3,1,0,4
mmu-miR-669d-2-3p,0,0,1,0,1,0
mmu-miR-190b-3p,0,0,1,2,0,0
mmu-miR-6995-5p,0,0,1,0,0,0
mmu-miR-466q,0,0,1,0,0,0
mmu-miR-6907-3p,0,0,1,3,1,0
mmu-miR-7089-5p,0,0,1,1,2,0
mmu-miR-6924-5p,0,0,1,0,0,0
mmu-miR-122-3p,0,0,2,0,0,0
mmu-miR-6909-5p,0,0,1,2,0,0
mmu-miR-7068-5p,0,0,2,1,0,0
mmu-miR-7673-3p,0,0,1,0,0,0
mmu-miR-101c,0,0,2,0,0,2
mmu-miR-1271-3p,0,0,1,0,0,0
mmu-miR-7061-5p,0,0,2,0,1,0
mmu-miR-539-3p,0,0,1,0,0,1
mmu-miR-181b-2-3p,0,0,1,0,0,1
mmu-miR-7035-3p,0,0,1,0,3,2
mmu-miR-7008-5p,0,0,1,1,1,1
mmu-miR-92a-1-5p,0,0,1,4,6,7
mmu-miR-692,0,0,1,0,0,0
mmu-miR-802-3p,0,0,1,0,1,0
mmu-miR-701-5p,0,0,1,0,1,1
mmu-miR-297c-5p,0,0,1,0,0,1
mmu-miR-7669-3p,0,0,1,0,3,0
mmu-miR-3103-5p,0,0,2,0,0,0
mmu-miR-5134-5p,0,0,1,1,1,0
mmu-miR-7658-5p,0,0,0,2,0,0
mmu-miR-6987-5p,0,0,0,1,2,2
mmu-miR-7077-3p,0,0,0,2,0,0
mmu-miR-6987-3p,0,0,0,1,1,1
mmu-miR-12202-3p,0,0,0,4,1,0
mmu-miR-6967-5p,0,0,0,2,0,0
mmu-miR-6936-5p,0,0,0,1,0,0
mmu-miR-7667-3p,0,0,0,1,0,1
mmu-miR-743a-3p,0,0,0,1,0,0
mmu-miR-12206-5p,0,0,0,1,0,0
mmu-miR-7053-3p,0,0,0,2,1,0
mmu-miR-3094-3p,0,0,0,2,0,0
mmu-miR-7238-5p,0,0,0,1,0,0
mmu-miR-7647-3p,0,0,0,2,0,1
mmu-miR-6973b-5p,0,0,0,1,0,0
mmu-miR-7051-3p,0,0,0,1,0,0
mmu-miR-3112-3p,0,0,0,1,0,0
mmu-miR-6917-3p,0,0,0,1,2,1
mmu-miR-1b-3p,0,0,0,2,0,0
mmu-miR-9769-3p,0,0,0,3,5,7
mmu-miR-6947-5p,0,0,0,1,1,1
mmu-miR-3472,0,0,0,2,0,0
mmu-miR-7065-3p,0,0,0,2,0,0
mmu-miR-6926-5p,0,0,0,2,0,3
mmu-miR-12185-5p,0,0,0,1,0,0
mmu-miR-466h-5p,0,0,0,1,4,3
mmu-miR-6920-3p,0,0,0,1,1,1
mmu-miR-6995-3p,0,0,0,2,0,1
mmu-miR-6236,0,0,0,2,0,0
mmu-miR-466k,0,0,0,1,0,1
mmu-miR-3098-5p,0,0,0,1,0,0
mmu-miR-3101-5p,0,0,0,1,1,0
mmu-miR-7018-3p,0,0,0,1,0,0
mmu-miR-802-5p,0,0,0,2,0,2
mmu-miR-182-3p,0,0,0,2,0,0
mmu-miR-6957-3p,0,0,0,1,0,0
mmu-miR-1931,0,0,0,1,2,2
mmu-miR-7118-5p,0,0,0,1,0,0
mmu-miR-7039-5p,0,0,0,1,1,2
mmu-miR-7117-3p,0,0,0,1,0,1
mmu-miR-5615-3p,0,0,0,1,0,0
mmu-miR-1958,0,0,0,2,0,0
mmu-miR-7028-3p,0,0,0,1,0,0
mmu-miR-7046-5p,0,0,0,1,0,0
mmu-miR-6905-5p,0,0,0,1,1,0
mmu-miR-5132-5p,0,0,0,3,3,0
mmu-miR-6945-5p,0,0,0,1,0,0
mmu-miR-3066-5p,0,0,0,1,0,1
mmu-miR-192-3p,0,0,0,1,1,1
mmu-miR-6944-5p,0,0,0,0,1,1
mmu-miR-12205-5p,0,0,0,0,2,0
mmu-miR-6989-5p,0,0,0,0,1,0
mmu-miR-7020-5p,0,0,0,0,3,1
mmu-miR-7064-3p,0,0,0,0,1,1
mmu-miR-1934-3p,0,0,0,0,2,0
mmu-miR-764-3p,0,0,0,0,1,0
mmu-miR-147-3p,0,0,0,0,1,0
mmu-miR-466f,0,0,0,0,1,0
mmu-miR-8117,0,0,0,0,1,0
mmu-miR-3473e,0,0,0,0,1,0
mmu-miR-7227-3p,0,0,0,0,2,0
mmu-miR-7656-3p,0,0,0,0,1,1
mmu-miR-3075-5p,0,0,0,0,1,1
mmu-miR-7038-5p,0,0,0,0,2,0
mmu-miR-6938-5p,0,0,0,0,1,0
mmu-miR-421-5p,0,0,0,0,1,0
mmu-miR-470-5p,0,0,0,0,2,0
mmu-miR-6999-5p,0,0,0,0,2,1
mmu-miR-466b-5p,0,0,0,0,2,0
mmu-miR-5618-5p,0,0,0,0,2,0
mmu-miR-7027-5p,0,0,0,0,1,0
mmu-miR-12187-5p,0,0,0,0,2,0
mmu-miR-6914-3p,0,0,0,0,3,0
mmu-miR-12201-5p,0,0,0,0,1,1
mmu-miR-7672-3p,0,0,0,0,2,0
mmu-miR-6981-3p,0,0,0,0,1,0
mmu-miR-7652-5p,0,0,0,0,1,0
mmu-miR-6977-5p,0,0,0,0,2,1
mmu-miR-224-5p,0,0,0,0,1,2
mmu-miR-219c-3p,0,0,0,0,1,0
mmu-miR-6918-3p,0,0,0,0,2,0
mmu-miR-5113,0,0,0,0,1,0
mmu-miR-693-5p,0,0,0,0,1,0
mmu-miR-7021-3p,0,0,0,0,1,0
mmu-miR-466e-5p,0,0,0,0,1,2
mmu-miR-7062-3p,0,0,0,0,1,0
mmu-miR-8107,0,0,0,0,1,2
mmu-miR-7039-3p,0,0,0,0,1,0
mmu-miR-7663-3p,0,0,0,0,0,1
mmu-miR-344g-5p,0,0,0,0,0,5
mmu-miR-3090-3p,0,0,0,0,0,1
mmu-miR-7666-3p,0,0,0,0,0,2
mmu-miR-7084-3p,0,0,0,0,0,5
mmu-miR-3113-5p,0,0,0,0,0,2
mmu-miR-5119,0,0,0,0,0,5
mmu-miR-450a-2-3p,0,0,0,0,0,1
mmu-miR-878-3p,0,0,0,0,0,1
mmu-miR-7059-3p,0,0,0,0,0,1
mmu-miR-6903-3p,0,0,0,0,0,1
mmu-miR-3112-5p,0,0,0,0,0,1
mmu-miR-465b-5p,0,0,0,0,0,1
mmu-miR-1951,0,0,0,0,0,1
mmu-miR-8098,0,0,0,0,0,1
mmu-miR-374c-3p,0,0,0,0,0,3
mmu-miR-7649-3p,0,0,0,0,0,1
mmu-miR-7006-5p,0,0,0,0,0,1
mmu-miR-466j,0,0,0,0,0,1
mmu-miR-3547-5p,0,0,0,0,0,1
mmu-miR-183-3p,0,0,0,0,0,2
mmu-miR-7676-3p,0,0,0,0,0,1
mmu-miR-669i,0,0,0,0,0,2
mmu-miR-224-3p,0,0,0,0,0,1
mmu-miR-1258-5p,0,0,0,0,0,1
mmu-miR-34a-3p,0,0,0,0,0,1
mmu-miR-5621-5p,0,0,0,0,0,2
mmu-miR-7036a-5p,0,0,0,0,0,1
mmu-miR-208b-3p,0,0,0,0,0,1
mmu-miR-6975-5p,0,0,0,0,0,1
mmu-miR-7011-3p,0,0,0,0,0,1
mmu-miR-1668,0,0,0,0,0,1
mmu-miR-6974-5p,0,0,0,0,0,1
mmu-miR-6932-5p,0,0,0,0,0,1
mmu-miR-6938-3p,0,0,0,0,0,2
mmu-miR-712-5p,0,0,0,0,0,1
mmu-miR-8092,0,0,0,0,0,1
mmu-miR-1258-3p,0,0,0,0,0,2
mmu-miR-3091-3p,0,0,0,0,0,1
mmu-miR-5104,0,0,0,0,0,2
mmu-miR-7670-3p,0,0,0,0,0,1
mmu-miR-511-5p,0,0,0,0,0,1
